Field,Moment,MomentParasub
1000.235,0.028250862,0.003654132
999.6262,0.028191586,0.003609827
997.1598,0.028192823,0.003671716
994.7498,0.028171468,0.003709624
992.511,0.028134199,0.00372741
990.3867,0.028084423,0.003729873
988.3246,0.028038719,0.003734877
986.2795,0.027990766,0.003737215
984.2643,0.027938103,0.003734108
982.2556,0.027890403,0.003735804
980.2555,0.027839642,0.003734228
978.2425,0.027787897,0.003731984
976.2444,0.027741129,0.003734351
974.2403,0.027692643,0.003735148
972.2426,0.027644331,0.003735961
970.2296,0.027592387,0.003733518
968.2297,0.027541107,0.003731418
966.2302,0.027491145,0.003730626
964.2313,0.027439227,0.003727863
962.234,0.027390742,0.003728493
960.2365,0.027341938,0.003728809
958.2374,0.027292747,0.003728779
956.2274,0.02724365,0.003729109
954.2297,0.027196855,0.003731439
952.2288,0.027148476,0.003732264
950.2296,0.027095108,0.003728058
948.2409,0.027045039,0.003726894
946.2435,0.026996447,0.00372742
944.2433,0.026943119,0.003723279
942.2444,0.026891414,0.003720728
940.2456,0.026841026,0.003719493
938.2439,0.026787405,0.003715096
936.2424,0.02673417,0.003711079
934.2424,0.026689104,0.003715195
932.2425,0.026640246,0.003715517
930.2436,0.026586772,0.003711197
928.2457,0.02653991,0.003713466
926.2452,0.026489003,0.003711753
924.2337,0.026435688,0.003707903
922.234,0.026391966,0.003713355
920.2348,0.026345956,0.003716507
918.2265,0.026297351,0.003717288
916.2386,0.026248453,0.003717275
914.2436,0.026199063,0.003716944
912.2469,0.026148689,0.00371567
910.2362,0.026097742,0.003714169
908.2403,0.026049523,0.003715031
906.2428,0.025998576,0.003713204
904.2318,0.025942188,0.003706268
902.2411,0.025891999,0.003705033
900.2504,0.025842663,0.00370465
898.24,0.025793645,0.00370507
896.2477,0.025742672,0.003703089
894.2478,0.025695211,0.003704808
892.2494,0.025644198,0.003702937
890.2392,0.025592506,0.003700678
888.2411,0.025545471,0.003702778
886.2368,0.025495762,0.003702357
884.2481,0.025446346,0.003701844
882.2555,0.025399297,0.003703796
880.2474,0.02535044,0.003704319
878.249,0.025301888,0.00370491
876.2486,0.025249904,0.003702117
874.2446,0.025194193,0.003695688
872.2371,0.025137073,0.003687934
870.2362,0.025082002,0.003682066
868.2387,0.02503506,0.003684245
866.2395,0.024986628,0.003684975
864.2422,0.024931636,0.003679099
862.255,0.024885639,0.003681969
860.2538,0.02484575,0.003691291
858.2506,0.024804915,0.003699717
856.2493,0.024759929,0.003703945
854.2554,0.024713267,0.003706314
852.247,0.024668481,0.003710917
850.2507,0.024621486,0.003713013
848.2552,0.024578349,0.003718948
846.2579,0.0245288,0.003718513
844.2544,0.024478079,0.003717061
842.2468,0.024428649,0.003717
840.246,0.024370212,0.003707764
838.252,0.024314222,0.003700809
836.2486,0.024264579,0.003700431
834.2537,0.024215243,0.003700151
832.2564,0.024166385,0.003700409
830.2597,0.024118818,0.003701943
828.2485,0.024073034,0.003705616
826.2494,0.024024655,0.003706397
824.2507,0.023969411,0.003700302
822.2312,0.023919768,0.003700321
820.2055,0.02386781,0.003698177
818.1877,0.023812606,0.003692592
816.1767,0.023764839,0.003694278
814.1705,0.023716899,0.003695673
812.1827,0.023666179,0.003693834
810.1792,0.023616789,0.003693712
808.1803,0.023569741,0.003695819
806.1833,0.023511888,0.003687075
804.1866,0.023458015,0.003682302
802.189,0.023413614,0.003687024
800.1862,0.023363492,0.003686153
798.1871,0.023315087,0.003686907
796.1836,0.02326756,0.003688648
794.1787,0.02321998,0.00369037
792.1834,0.023166758,0.003686215
790.186,0.023113496,0.003682071
788.1864,0.02306392,0.003681667
786.1889,0.023017803,0.00368467
784.1859,0.02297114,0.003687264
782.1802,0.022922881,0.003688327
780.1754,0.022868688,0.003683433
778.1729,0.022816438,0.003680426
776.1773,0.0227737,0.003686763
774.1938,0.022725734,0.003687573
772.1918,0.022671235,0.003682304
770.1887,0.022618492,0.00367882
768.1826,0.022569342,0.003679001
766.1798,0.022517038,0.003675948
764.1838,0.022465027,0.00367302
762.1678,0.022412922,0.003670492
760.1888,0.022360911,0.003667146
758.1848,0.022311029,0.003666544
756.185,0.022266615,0.003671307
754.1866,0.022212236,0.00366607
752.2058,0.022163777,0.003666321
750.2127,0.022114507,0.003666063
748.2147,0.022066927,0.003667616
746.2152,0.022015727,0.003665586
744.2167,0.021966404,0.003665407
742.219,0.021914406,0.003662535
740.2186,0.021861437,0.003658758
738.2199,0.021814309,0.00366078
736.2179,0.021769443,0.003665145
734.216,0.021720385,0.003665316
732.205,0.021666019,0.003660402
730.2107,0.021618412,0.003661837
728.2172,0.02157179,0.003664236
726.2216,0.021523983,0.003665504
724.2213,0.021470814,0.003661524
722.2188,0.0214202,0.003660153
720.216,0.021368282,0.003657486
718.2089,0.021322405,0.003660965
716.2103,0.021271432,0.00365914
714.2118,0.021217305,0.003654158
712.2054,0.02116741,0.003653602
710.2148,0.021117581,0.003652723
708.2193,0.02107145,0.003655665
706.207,0.021020677,0.003654375
704.213,0.020968293,0.003651026
702.2144,0.020914353,0.003646233
700.2203,0.020854984,0.003635901
698.2159,0.02080409,0.003634297
696.2264,0.020761579,0.00364071
694.2294,0.020716819,0.003645059
692.2202,0.020668454,0.003646101
690.2273,0.020616616,0.00364327
688.2343,0.020566388,0.003642052
686.2227,0.020519991,0.003645123
684.2282,0.020474274,0.003648452
682.243,0.020425137,0.003648133
680.2539,0.020372367,0.003644277
678.2466,0.020323336,0.003644608
676.2486,0.020273215,0.003643619
674.2599,0.02022308,0.003642388
672.2578,0.020176018,0.00364456
670.2538,0.020124353,0.003642175
668.2549,0.020071344,0.003638321
666.2546,0.020021901,0.003638067
664.2554,0.01997476,0.003640088
662.2562,0.019928523,0.003643013
660.2549,0.019877244,0.003640948
658.249,0.019822984,0.003636015
656.247,0.0197677,0.003629962
654.2458,0.019717272,0.003628746
652.2503,0.019669718,0.003630263
650.2607,0.019622936,0.003632407
648.2543,0.019572162,0.003630973
646.2617,0.019516998,0.003624808
644.2664,0.019463576,0.003620453
642.2572,0.019410647,0.003616932
640.2571,0.019360938,0.003616407
638.2574,0.019323084,0.003627727
636.2579,0.019279335,0.003633149
634.2627,0.0192294,0.003632277
632.2644,0.019178812,0.00363083
630.2642,0.019128611,0.003629815
628.2635,0.019076254,0.003626657
626.2627,0.019019293,0.003618898
624.2636,0.018965007,0.003613771
622.2527,0.018914672,0.003612886
620.2565,0.01886624,0.003613543
618.2577,0.018821214,0.00361767
616.2273,0.018769203,0.003615588
614.215,0.018717405,0.003613274
612.211,0.018675892,0.003621041
610.198,0.018631212,0.003625863
608.1989,0.018581995,0.003625806
606.2026,0.018533031,0.003625933
604.2098,0.018479663,0.003621569
602.2052,0.01842813,0.003619332
600.2142,0.018375121,0.003615284
598.2186,0.018325931,0.003615167
596.2136,0.018275277,0.003613818
594.2096,0.01822155,0.003609371
592.2036,0.018169379,0.003606529
590.2047,0.018122158,0.003608463
588.2077,0.018075721,0.003611135
586.2098,0.018023471,0.003608015
584.2122,0.017973921,0.003607588
582.2119,0.017929947,0.003612803
580.2076,0.017887728,0.003619872
578.217,0.017847253,0.003628347
576.215,0.017797078,0.003627403
574.2115,0.017742632,0.003622225
572.2133,0.017697274,0.003626005
570.2145,0.017654856,0.003632739
568.2154,0.017600982,0.003628025
566.2124,0.017545977,0.003622276
564.2105,0.017498743,0.00362427
562.2089,0.01745216,0.003626909
560.2062,0.017397262,0.003621259
558.2211,0.017344945,0.003617757
556.2265,0.017297364,0.003619226
554.2161,0.017246364,0.003617663
552.2227,0.017193741,0.00361406
550.229,0.017142848,0.003612193
548.2172,0.017093378,0.003612196
546.2224,0.017045052,0.003612924
544.2252,0.016991937,0.003608922
542.2175,0.016937331,0.003603687
540.2247,0.016886983,0.003602344
538.2316,0.016837966,0.003602339
536.2239,0.016783307,0.003597051
534.2259,0.016732347,0.003595224
532.2141,0.016688026,0.003600376
530.2257,0.016643972,0.003605218
528.2271,0.016594276,0.003604669
526.2362,0.016542118,0.00360147
524.2375,0.016491159,0.00359966
522.227,0.016440638,0.003598579
520.2284,0.016388227,0.003595316
518.2264,0.016339276,0.003595597
516.2234,0.016287944,0.00359352
514.2166,0.01623399,0.003588915
512.2144,0.016185039,0.0035892
510.216,0.016132336,0.00358564
508.2177,0.016077904,0.003580347
506.2335,0.016031893,0.00358313
504.2344,0.015981851,0.003582248
502.2409,0.015927671,0.00357709
500.2424,0.015877417,0.00357598
498.2428,0.015826151,0.003573886
496.2452,0.015778703,0.003575562
494.2481,0.01572628,0.003572249
492.2517,0.015678886,0.003573948
490.2523,0.015632396,0.003576626
488.2514,0.015585933,0.003579367
486.2503,0.015536118,0.003578761
484.246,0.015480181,0.003572112
482.2427,0.015424485,0.003565678
480.2431,0.015377011,0.003567376
478.2557,0.015327275,0.003566513
476.2588,0.015275743,0.003564086
474.2596,0.015227125,0.00356463
472.2579,0.015176058,0.003562787
470.2539,0.015124938,0.003560948
468.2505,0.01507785,0.003563125
466.249,0.015028301,0.003562795
464.2508,0.014979044,0.003562675
462.2503,0.014924026,0.003556851
460.25,0.014869566,0.003551581
458.2494,0.014822279,0.00355349
456.2496,0.014774406,0.003554794
454.261,0.01472612,0.00355541
452.2558,0.014677688,0.003556288
450.2551,0.014628471,0.00355627
448.2568,0.014573865,0.003550805
446.26,0.014521282,0.003547324
444.2606,0.014471387,0.003546596
442.2625,0.014418497,0.003542842
440.2623,0.014362574,0.003536106
438.2634,0.014313251,0.003535937
436.2605,0.014260708,0.003532647
434.2566,0.014219022,0.003540239
432.2711,0.014172545,0.003542588
430.2753,0.014119443,0.003538565
428.2771,0.014065862,0.003534121
426.276,0.014009367,0.003526835
424.2764,0.013953125,0.003519765
422.2783,0.01390597,0.003521745
420.2671,0.013854717,0.00351995
418.2719,0.013808893,0.00352319
416.2793,0.013754807,0.003518103
414.2723,0.013702356,0.003515007
412.2534,0.013651649,0.003513946
410.2304,0.01360053,0.003512574
408.2017,0.013550528,0.00351246
406.1941,0.013502069,0.00351337
404.1913,0.013455899,0.003516451
402.1975,0.013407307,0.003516888
400.1881,0.01335982,0.003518814
398.1966,0.013297841,0.003505808
396.2039,0.013239363,0.003496332
394.2048,0.013188225,0.003494354
392.1938,0.013139509,0.003495091
390.1969,0.013088943,0.00349363
388.1998,0.013031372,0.00348517
386.1874,0.012977214,0.003480499
384.2011,0.012930333,0.003482462
382.203,0.01288619,0.003487455
380.2052,0.012829022,0.003479415
378.2028,0.012776755,0.003476389
376.201,0.012725532,0.003474392
374.1954,0.012675341,0.00347352
372.1938,0.012632161,0.003479561
370.1976,0.012580538,0.003477027
368.2008,0.012529488,0.00347508
366.2015,0.01247615,0.003470907
364.2006,0.012427023,0.003470984
362.2079,0.012367499,0.003460462
360.2053,0.012305479,0.003447688
358.198,0.012240647,0.003432218
356.1928,0.012199993,0.003440874
354.1957,0.012151985,0.003441976
352.2004,0.012105454,0.003444511
350.2008,0.012062017,0.003450246
348.2025,0.012010357,0.003447726
346.2009,0.011961051,0.003447642
344.1986,0.011908107,0.003443936
342.1963,0.011850307,0.003435374
340.1946,0.011801397,0.003435688
338.2083,0.011753198,0.003436334
336.2078,0.011691986,0.003424317
334.2087,0.011632596,0.003414086
332.2007,0.011586973,0.003417842
330.204,0.011532415,0.003412385
328.2019,0.011473485,0.003402688
326.2018,0.011410321,0.003388709
324.2081,0.011359957,0.003387372
322.2054,0.011322102,0.003398765
320.2159,0.011272213,0.003397799
318.2204,0.011217712,0.00339237
316.2118,0.011154763,0.003378814
314.2144,0.011089326,0.003362496
312.2163,0.01103868,0.003360985
310.2049,0.010986809,0.003358576
308.2065,0.010926455,0.003347364
306.2159,0.010883215,0.003353075
304.2059,0.010846628,0.003365915
302.2139,0.010783067,0.00335134
300.2222,0.010708835,0.003326086
298.2126,0.01064858,0.003315248
296.216,0.010598727,0.003314494
294.2201,0.010557025,0.003321873
292.2234,0.010512212,0.003326161
290.2185,0.01045529,0.003318541
288.2259,0.010398908,0.003311159
286.2313,0.010363237,0.003324537
284.2326,0.010320131,0.003330581
282.2192,0.010255782,0.003315743
280.2212,0.010182316,0.00329141
278.2239,0.010109905,0.003268114
276.2291,0.01004734,0.003254603
274.2221,0.00998842,0.003245038
272.23,0.009936851,0.003242456
270.2343,0.009901131,0.003255813
268.224,0.009866743,0.00327086
266.2301,0.009808541,0.00326169
264.2272,0.009759856,0.003262258
262.2248,0.00969178,0.003243423
260.2262,0.009613452,0.003214242
258.2283,0.00956774,0.00321766
256.2418,0.009525669,0.003224439
254.2379,0.009472266,0.003220314
252.2409,0.009434246,0.003231402
250.2466,0.009376173,0.003222371
248.2473,0.009308521,0.003203884
246.2502,0.009243686,0.003188159
244.2516,0.009183187,0.003176808
242.2546,0.009121486,0.003164215
240.2556,0.009045237,0.003137124
238.254,0.008961529,0.003102636
236.2509,0.008898977,0.003089343
234.2622,0.008831889,0.003071159
232.2611,0.008780574,0.003069053
230.2613,0.008740989,0.003078645
228.2657,0.008687852,0.003074582
226.2675,0.008654442,0.003090309
224.2677,0.008613071,0.003098115
222.2682,0.008537796,0.003072009
220.2657,0.008467527,0.003050984
218.2622,0.008417993,0.003050718
216.2618,0.008373054,0.00305497
214.2603,0.008288958,0.003020093
212.2645,0.008226748,0.003006962
210.2662,0.008174897,0.003004251
208.2579,0.00811592,0.00299466
206.2406,0.008041687,0.002970035
204.2275,0.007978977,0.002956829
202.2188,0.007917893,0.002945141
200.2135,0.007862165,0.002938724
198.2105,0.00779161,0.002917425
196.2173,0.007732077,0.002906907
194.2178,0.007671115,0.002895115
192.2222,0.007591592,0.002864666
190.2269,0.007525233,0.002847372
188.2322,0.007457544,0.002828735
186.2238,0.007383722,0.002804302
184.2302,0.007312616,0.00278222
182.2343,0.007236807,0.002755492
180.2276,0.007145084,0.002713116
178.2358,0.007058104,0.002675116
176.2403,0.007000695,0.002666778
174.2448,0.006946955,0.00266211
172.2364,0.006884273,0.002648816
170.2379,0.00682472,0.002638408
168.2431,0.006759397,0.002622139
166.2351,0.006685011,0.002597132
164.2409,0.006628942,0.002590102
162.2481,0.00656648,0.002576644
160.2385,0.006508723,0.002568306
158.2388,0.00645436,0.002563117
156.2397,0.00639984,0.002557758
154.2364,0.006322497,0.002529677
152.2315,0.006240282,0.002496765
150.2339,0.006160234,0.002465839
148.2319,0.00607869,0.002433527
146.2459,0.006013013,0.002416687
144.2442,0.00593491,0.002387808
142.2421,0.005869348,0.00237148
140.2429,0.005788159,0.002339453
138.241,0.005716575,0.002317097
136.2411,0.005648484,0.002298186
134.2447,0.005562243,0.002261038
132.2447,0.0055015,0.002249477
130.2432,0.005437396,0.002234592
128.2379,0.005373219,0.002219727
126.2393,0.005306102,0.002201757
124.2435,0.005239826,0.00218456
122.2454,0.005142283,0.002136153
120.2378,0.005055291,0.002098529
118.2472,0.004994716,0.002086905
116.252,0.004909741,0.002050994
114.2547,0.004815476,0.002005844
112.2436,0.004727117,0.00196694
110.2464,0.004650557,0.001939493
108.2497,0.004593321,0.001931358
106.252,0.004532411,0.001919573
104.2403,0.004452028,0.00188866
102.2471,0.004367008,0.001852654
100.2529,0.004301799,0.001836485
98.25636,0.00422175,0.001805533
96.24612,0.004133697,0.001766914
94.2466,0.004050615,0.001733002
92.24679,0.003962331,0.001693895
90.238,0.003897155,0.001678117
88.24723,0.003832455,0.001662371
86.25797,0.003742295,0.00162113
84.24913,0.003649534,0.001577767
82.25199,0.003578989,0.001556335
80.25389,0.003519838,0.001546319
78.25653,0.003444853,0.00152045
76.24577,0.003380241,0.001505285
74.2439,0.003309847,0.001484119
72.25308,0.00322371,0.001446938
70.26439,0.003125975,0.001398107
68.25944,0.003038026,0.001359461
66.26438,0.0029579,0.001328396
64.26071,0.002882095,0.001301863
62.27282,0.002813944,0.001282596
60.27171,0.002757818,0.001275679
58.2709,0.002678972,0.001246035
56.27021,0.002599303,0.001215565
54.27129,0.002496877,0.001162295
52.27407,0.002409088,0.001123619
50.26899,0.002328703,0.00109254
48.26598,0.002255594,0.001068688
46.26763,0.002184037,0.001046272
44.26701,0.002108245,0.001019678
42.26835,0.002025211,0.000985792
40.27308,0.001943963,0.000953609
38.27531,0.001839556,0.00089833
36.27644,0.00172626,0.000834188
34.28556,0.001638346,0.000795232
32.28248,0.001541299,0.000747442
30.27984,0.001443283,0.000698673
28.27747,0.001331453,0.000636083
26.2682,0.001242875,0.000596915
24.27708,0.001172998,0.000576001
22.28235,0.001108571,0.000560627
20.28996,0.001025542,0.000526593
18.27755,0.000938135,0.000488673
16.28166,0.000870279,0.000469897
14.28343,0.000793734,0.00044249
12.2725,0.000709149,0.000407357
10.27605,0.000632598,0.0003799
8.285406,0.000552828,0.000349082
6.290839,0.000463021,0.000308323
4.274599,0.000366801,0.000261685
2.267431,0.000262062,0.000206304
0.2637064,0.000150911,0.000144426
-1.733722,7.37859E-05,0.00011642
-3.741371,-3.11564E-06,8.88882E-05
-5.73382,-6.66497E-05,7.43504E-05
-7.723603,-0.000164455,2.54754E-05
-9.732242,-0.000269282,-2.99572E-05
-11.72679,-0.000371106,-8.27333E-05
-13.72175,-0.000466075,-0.000128644
-15.72555,-0.000561963,-0.000175256
-17.7274,-0.000650928,-0.000214994
-19.72752,-0.000732232,-0.000247113
-21.72755,-0.000826239,-0.000291938
-23.72685,-0.000910109,-0.000326643
-25.71403,-0.001006157,-0.000373825
-27.71531,-0.001111557,-0.000430011
-29.71796,-0.00122724,-0.000496447
-31.72106,-0.001313975,-0.000533924
-33.72423,-0.001397206,-0.000567895
-35.72591,-0.001473852,-0.000595318
-37.72309,-0.001565962,-0.000638315
-39.71543,-0.00166163,-0.000684989
-41.71162,-0.001740543,-0.000714815
-43.71053,-0.001813202,-0.000738318
-45.70948,-0.001890569,-0.00076653
-47.7235,-0.001980667,-0.000807101
-49.72139,-0.002058901,-0.000836204
-51.71703,-0.002137823,-0.000866053
-53.72211,-0.00222701,-0.000905932
-55.71345,-0.002302274,-0.000932227
-57.70352,-0.002405161,-0.000986177
-59.71335,-0.002498419,-0.001030011
-61.70799,-0.002581818,-0.00106436
-63.70676,-0.002666326,-0.001099717
-65.70368,-0.00275197,-0.001136254
-67.70869,-0.002838064,-0.001173043
-69.70162,-0.002919458,-0.001205429
-71.69567,-0.003006618,-0.001243553
-73.69156,-0.003087132,-0.001274987
-75.69472,-0.003178396,-0.001316991
-77.69779,-0.003253078,-0.001342416
-79.70347,-0.003331416,-0.001371431
-81.70578,-0.003420283,-0.00141106
-83.68929,-0.003499263,-0.001441264
-85.68894,-0.003574069,-0.001466896
-87.68468,-0.003648715,-0.001492466
-89.69447,-0.003736019,-0.001530347
-91.69568,-0.003813698,-0.001558814
-93.69507,-0.003892247,-0.001588196
-95.68997,-0.003980546,-0.001627439
-97.70333,-0.004084814,-0.001682197
-99.69801,-0.004168272,-0.001716603
-101.6901,-0.004223552,-0.001722896
-103.6864,-0.00428894,-0.001739193
-105.6975,-0.004355286,-0.001756084
-107.6909,-0.004426437,-0.001778215
-109.6926,-0.004514448,-0.001817003
-111.6888,-0.004594844,-0.00184831
-113.6963,-0.00466671,-0.00187081
-115.678,-0.00473071,-0.001886078
-117.6745,-0.004793769,-0.001900041
-119.676,-0.004883061,-0.001940114
-121.681,-0.004984162,-0.001991911
-123.6842,-0.005078027,-0.002036515
-125.6895,-0.005159143,-0.002068319
-127.6932,-0.005217268,-0.002077171
-129.6954,-0.005280941,-0.002091608
-131.6766,-0.005347723,-0.00210967
-133.6711,-0.005414355,-0.002127256
-135.671,-0.00549618,-0.002159901
-137.6709,-0.005570343,-0.002184885
-139.6715,-0.00564502,-0.002210365
-141.6734,-0.005728669,-0.002244786
-143.6738,-0.005795257,-0.002262181
-145.6728,-0.005872623,-0.00229039
-147.6721,-0.005953358,-0.00232196
-149.6692,-0.006008639,-0.002328131
-151.6745,-0.006070153,-0.002340333
-153.5848,-0.006141951,-0.002365155
-155.6823,-0.006223169,-0.002394793
-157.6856,-0.006306041,-0.002428402
-159.6719,-0.006387122,-0.002460638
-161.6664,-0.006447028,-0.002471498
-163.661,-0.006500005,-0.002475426
-165.6596,-0.006574243,-0.002500516
-167.6711,-0.006656703,-0.002533511
-169.6621,-0.006727574,-0.002555422
-171.6634,-0.006801992,-0.002580626
-173.6652,-0.006868624,-0.002598032
-175.667,-0.006925085,-0.002605266
-177.6661,-0.006990109,-0.00262113
-179.6643,-0.007062238,-0.002644122
-181.649,-0.007107283,-0.002640362
-183.6469,-0.007165745,-0.002649693
-185.65,-0.007245989,-0.002680679
-187.6499,-0.007304876,-0.002690387
-189.6509,-0.00736176,-0.002698064
-191.6528,-0.007433862,-0.002720938
-193.6491,-0.007504491,-0.002742475
-195.6464,-0.007569101,-0.00275797
-197.6448,-0.007639557,-0.002779284
-199.6464,-0.007724165,-0.002814671
-201.6639,-0.007804809,-0.002845702
-203.6905,-0.007855977,-0.002847034
-205.7079,-0.007908425,-0.002849872
-207.7024,-0.007960388,-0.002852789
-209.6998,-0.008019406,-0.002862689
-211.701,-0.0080829,-0.002876971
-213.7043,-0.008146354,-0.002891162
-215.7046,-0.008211057,-0.002906676
-217.7071,-0.008286875,-0.002933251
-219.7087,-0.008356494,-0.002953648
-221.7089,-0.008395348,-0.002943316
-223.7089,-0.00844993,-0.002948716
-225.7055,-0.008517607,-0.002967294
-227.7035,-0.008576658,-0.002977213
-229.7036,-0.008634739,-0.002986109
-231.7048,-0.008695249,-0.002997407
-233.7064,-0.008758866,-0.003011804
-235.6944,-0.008823254,-0.003027305
-237.7092,-0.008883975,-0.00303848
-239.6943,-0.008946708,-0.003052397
-241.6891,-0.008996972,-0.003053607
-243.6848,-0.009066075,-0.003073634
-245.6868,-0.009132487,-0.003090815
-247.6818,-0.009189703,-0.003098972
-249.6779,-0.009247332,-0.003107515
-251.683,-0.009286532,-0.003097408
-253.6848,-0.009338529,-0.003100178
-255.6707,-0.009392465,-0.00310528
-257.6673,-0.009440281,-0.003103997
-259.6638,-0.009496855,-0.003111475
-261.6631,-0.009558253,-0.003123708
-263.6633,-0.009614796,-0.003131064
-265.6661,-0.009677809,-0.003144827
-267.6683,-0.009728355,-0.003146137
-269.6659,-0.009792505,-0.003161164
-271.6654,-0.009859998,-0.003179488
-273.6625,-0.009923022,-0.003193401
-275.6616,-0.00997367,-0.003194889
-277.6642,-0.010032202,-0.003204175
-279.6541,-0.010084389,-0.003207428
-281.6699,-0.0101363,-0.003209769
-283.6574,-0.01018005,-0.003204645
-285.6578,-0.010225098,-0.003200501
-287.6536,-0.010287078,-0.003213402
-289.6509,-0.010358625,-0.003235834
-291.6484,-0.010427027,-0.003255116
-293.6496,-0.010485337,-0.003264215
-295.6505,-0.010536766,-0.003266439
-297.6521,-0.010586647,-0.003267099
-299.6546,-0.010650706,-0.003281914
-301.654,-0.010695718,-0.00327776
-303.6498,-0.010744303,-0.003277266
-305.6514,-0.01080055,-0.003284291
-307.6515,-0.010843996,-0.003278553
-309.6498,-0.010881449,-0.003266867
-311.6482,-0.010935383,-0.003271658
-313.6465,-0.010995533,-0.003282668
-315.6484,-0.011056234,-0.00329414
-317.6366,-0.011108611,-0.003297625
-319.6352,-0.011172029,-0.003311896
-321.6348,-0.011227977,-0.003318672
-323.6216,-0.011265531,-0.003307368
-325.6236,-0.011313239,-0.003305845
-327.6249,-0.011362912,-0.003306305
-329.6279,-0.01142164,-0.003315777
-331.6311,-0.011478557,-0.003323433
-333.6295,-0.011532731,-0.003328465
-335.6245,-0.011580623,-0.003327298
-337.6232,-0.011631023,-0.003328548
-339.6096,-0.011687331,-0.003336008
-341.6114,-0.011751572,-0.003351023
-343.6138,-0.011804451,-0.003354661
-345.6184,-0.01185348,-0.003354395
-347.6208,-0.011900768,-0.003352442
-349.6183,-0.011943635,-0.003346189
-351.6155,-0.011985486,-0.003338927
-353.6145,-0.012042986,-0.003347269
-355.6174,-0.012106343,-0.003361373
-357.6078,-0.012160642,-0.003366727
-359.6107,-0.012212407,-0.003369238
-361.6152,-0.012271075,-0.003378614
-363.6146,-0.01232493,-0.003383302
-365.6101,-0.012369091,-0.003378391
-367.6062,-0.012424185,-0.003384399
-369.6048,-0.012473856,-0.003384923
-371.605,-0.01252461,-0.00338649
-373.6052,-0.01256655,-0.003379243
-375.6068,-0.012608409,-0.003371881
-377.5977,-0.012662588,-0.003377101
-379.5986,-0.012724659,-0.003389969
-381.5951,-0.012784425,-0.003400638
-383.6074,-0.01283168,-0.00339841
-385.6063,-0.012887313,-0.003404888
-387.6057,-0.012940119,-0.003408526
-389.6054,-0.012998238,-0.003417471
-391.5926,-0.013048548,-0.003418913
-393.5929,-0.013078276,-0.003399453
-395.5898,-0.013125014,-0.003397085
-397.5851,-0.013169178,-0.003392182
-399.5819,-0.013216585,-0.003390486
-401.5805,-0.013271702,-0.003396456
-403.5864,-0.013332131,-0.003407558
-405.5992,-0.01338361,-0.00340954
-407.6356,-0.013427146,-0.003402999
-409.6644,-0.013476695,-0.003402658
-411.6654,-0.013537156,-0.003413912
-413.6805,-0.013590963,-0.003418166
-415.6651,-0.013637998,-0.003416398
-417.6641,-0.013685977,-0.00341522
-419.6686,-0.013741634,-0.003421584
-421.6687,-0.013788443,-0.003419209
-423.6684,-0.013840933,-0.003422524
-425.6708,-0.013900887,-0.003433238
-427.6663,-0.01395536,-0.003438639
-429.6612,-0.014015661,-0.003449883
-431.6606,-0.014069109,-0.003454164
-433.662,-0.014119018,-0.003454857
-435.6621,-0.014167889,-0.003454543
-437.6636,-0.014222335,-0.003459771
-439.6641,-0.014286667,-0.003474908
-441.6496,-0.01433265,-0.003472067
-443.6446,-0.014381495,-0.003471852
-445.6411,-0.014436207,-0.003477469
-447.641,-0.014480527,-0.00347261
-449.6396,-0.014523517,-0.003466452
-451.6386,-0.014577218,-0.003470996
-453.6398,-0.014630933,-0.003475499
-455.6413,-0.014693907,-0.003489255
-457.6439,-0.014756749,-0.003502851
-459.6427,-0.014805075,-0.003502024
-461.6383,-0.014838884,-0.003486759
-463.6387,-0.014876272,-0.003474956
-465.6429,-0.014924239,-0.003473637
-467.6309,-0.014967748,-0.003468259
-469.6328,-0.015016326,-0.003467609
-471.637,-0.015067565,-0.003469563
-473.6348,-0.015124034,-0.003476904
-475.6325,-0.015177562,-0.003481306
-477.6308,-0.015225781,-0.003480385
-479.6281,-0.015279349,-0.003484838
-481.6292,-0.015330136,-0.003486416
-483.6304,-0.015374509,-0.003481578
-485.6224,-0.015423953,-0.003482036
-487.624,-0.015480048,-0.003488911
-489.6204,-0.015533284,-0.003493053
-491.6167,-0.015583166,-0.003493844
-493.6142,-0.015639754,-0.003501312
-495.6135,-0.01568804,-0.003500433
-497.6119,-0.015725907,-0.003489157
-499.607,-0.015776987,-0.003491176
-501.6066,-0.015836263,-0.00350128
-503.6059,-0.015892226,-0.003508078
-505.5917,-0.015945621,-0.00351264
-507.5885,-0.016002728,-0.003520644
-509.5899,-0.016048898,-0.003517598
-511.5925,-0.016091355,-0.003510809
-513.5936,-0.016142448,-0.003512694
-515.5951,-0.016194952,-0.003515978
-517.595,-0.016237716,-0.003509563
-519.5815,-0.016289966,-0.003512963
-521.5766,-0.016345743,-0.003519678
-523.5755,-0.016395545,-0.003520326
-525.5763,-0.016439174,-0.003514753
-527.5763,-0.016493021,-0.003519419
-529.5802,-0.016549024,-0.003526143
-531.5822,-0.016595354,-0.003523242
-533.5823,-0.016635856,-0.00351456
-535.5815,-0.016673577,-0.003503118
-537.5773,-0.016722009,-0.003502472
-539.5726,-0.016777107,-0.003508503
-541.5703,-0.016829025,-0.003511296
-543.568,-0.016879106,-0.003512253
-545.5701,-0.016924106,-0.003508018
-547.5581,-0.016978006,-0.003513032
-549.5587,-0.017029685,-0.003515514
-551.5593,-0.017076413,-0.003513046
-553.5551,-0.017123328,-0.003510882
-555.5491,-0.017179012,-0.003517531
-557.5476,-0.017233059,-0.003522433
-559.5481,-0.017289487,-0.003529668
-561.5479,-0.017336788,-0.003527792
-563.5501,-0.017376851,-0.003518618
-565.5519,-0.017413854,-0.003506395
-567.5477,-0.017468073,-0.003511536
-569.5292,-0.017523863,-0.003518599
-571.5274,-0.017573613,-0.00351921
-573.5296,-0.017635589,-0.003531951
-575.5292,-0.017699695,-0.003546885
-577.5288,-0.017746943,-0.003544961
-579.5311,-0.0177931,-0.003541879
-581.5316,-0.017847386,-0.003546971
-583.5273,-0.01789482,-0.003545329
-585.5093,-0.017932155,-0.003533925
-587.5069,-0.017973988,-0.003526635
-589.5066,-0.018024083,-0.003527555
-591.5117,-0.018075775,-0.00352994
-593.5118,-0.018127773,-0.003532753
-595.5175,-0.018185279,-0.003540937
-597.5167,-0.018240497,-0.003546993
-599.5133,-0.018294583,-0.003551981
-601.5109,-0.018339729,-0.003548004
-603.5072,-0.01839025,-0.003549434
-605.4959,-0.018442008,-0.003552288
-607.4964,-0.018498516,-0.003559602
-609.4999,-0.018558138,-0.003569956
-611.5208,-0.018607914,-0.003570036
-613.4459,-0.018651011,-0.003565793
-615.5396,-0.018703008,-0.003566304
-617.5391,-0.018751813,-0.003565939
-619.5406,-0.018798369,-0.003563276
-621.5425,-0.01884567,-0.003561349
-623.5469,-0.01889502,-0.003561409
-625.5487,-0.018945102,-0.003562264
-627.5493,-0.018997618,-0.003565584
-629.5468,-0.019060167,-0.003579013
-631.5421,-0.019110116,-0.003579896
-633.5263,-0.019162034,-0.00358302
-635.5259,-0.019213739,-0.003585553
-637.5288,-0.019256663,-0.003579223
-639.5324,-0.019299041,-0.003572331
-641.5318,-0.019340288,-0.003564411
-643.5295,-0.019388094,-0.003563092
-645.5166,-0.019441263,-0.003567396
-647.5101,-0.019500619,-0.00357773
-649.5107,-0.019551965,-0.003579879
-651.5108,-0.0196019,-0.00358063
-653.5121,-0.019649281,-0.003578797
-655.5169,-0.019696741,-0.003576958
-657.5058,-0.019748513,-0.00357982
-659.5065,-0.019801096,-0.003583205
-661.5053,-0.019842782,-0.003575738
-663.5048,-0.019887436,-0.003571222
-665.5036,-0.019932328,-0.003566962
-667.5023,-0.019979576,-0.00356506
-669.501,-0.020027928,-0.003564262
-671.5007,-0.020069348,-0.003556508
-673.5016,-0.020119324,-0.003557279
-675.4997,-0.020175686,-0.003564506
-677.4939,-0.020225914,-0.003565695
-679.4754,-0.020266243,-0.003557297
-681.4745,-0.02031043,-0.003552324
-683.4708,-0.020368016,-0.00356082
-685.4708,-0.020419375,-0.003562997
-687.4675,-0.020476762,-0.003571283
-689.4675,-0.020533284,-0.003578622
-691.4686,-0.020585002,-0.003581132
-693.4503,-0.020632103,-0.003579501
-695.444,-0.020686922,-0.003585293
-697.44,-0.020733917,-0.003583204
-699.439,-0.020777532,-0.003577662
-701.4399,-0.020822731,-0.003573657
-703.4391,-0.020870631,-0.003572395
-705.4411,-0.020916202,-0.003568735
-707.4381,-0.020964155,-0.00356758
-709.4322,-0.021023817,-0.003578205
-711.4297,-0.0210764,-0.003581667
-713.4266,-0.021131179,-0.00358734
-715.4313,-0.02118303,-0.003589894
-717.4361,-0.021232779,-0.003590344
-719.425,-0.021275756,-0.003584411
-721.4266,-0.021314914,-0.003574348
-723.4265,-0.021362428,-0.003572683
-725.4184,-0.021408465,-0.003569737
-727.4129,-0.021459877,-0.003572103
-729.4096,-0.021507883,-0.003571008
-731.4103,-0.021565776,-0.003579701
-733.4098,-0.02162444,-0.003589195
-735.4079,-0.02167822,-0.003593841
-737.4065,-0.02172753,-0.003594003
-739.3938,-0.021764799,-0.003582403
-741.3874,-0.02180719,-0.003575769
-743.3865,-0.021856075,-0.003575494
-745.3871,-0.021908698,-0.00357892
-747.3854,-0.021958447,-0.003579529
-749.3647,-0.022016219,-0.003588629
-751.3591,-0.022082254,-0.00360562
-753.3572,-0.022144325,-0.003618555
-755.3529,-0.022196921,-0.003622075
-757.3448,-0.022254121,-0.003630293
-759.3433,-0.022306266,-0.003633292
-761.3423,-0.022347779,-0.003625648
-763.3424,-0.022399564,-0.003628248
-765.3451,-0.022451748,-0.003631184
-767.3441,-0.022498104,-0.003628383
-769.3436,-0.022541626,-0.003622736
-771.3392,-0.022591469,-0.003623504
-773.3327,-0.022644797,-0.003627811
-775.3168,-0.022694812,-0.003629035
-777.3152,-0.02274182,-0.003626901
-779.3133,-0.022792275,-0.00362822
-781.314,-0.022836635,-0.003623381
-783.3172,-0.022888833,-0.003626318
-785.3183,-0.022942853,-0.003631129
-787.3146,-0.022986309,-0.003625494
-789.3097,-0.023029458,-0.003619582
-791.2923,-0.023082507,-0.003623877
-793.2917,-0.023129649,-0.003621852
-795.2914,-0.023177748,-0.003620776
-797.2915,-0.023225355,-0.003619199
-799.292,-0.023271565,-0.003616215
-801.287,-0.023318014,-0.003613605
-803.2786,-0.023377516,-0.003624132
-805.2754,-0.023434291,-0.003631803
-807.2721,-0.023485464,-0.003633875
-809.2707,-0.023533137,-0.003632401
-811.2685,-0.023579893,-0.003630029
-813.2555,-0.023632143,-0.003633417
-815.2593,-0.023678061,-0.003630059
-817.2833,-0.023724883,-0.003627109
-819.2998,-0.023770095,-0.003622734
-821.3044,-0.023814056,-0.0036174
-823.3045,-0.023864058,-0.003618218
-825.3056,-0.023914645,-0.003619596
-827.3052,-0.023956478,-0.003612256
-829.3041,-0.024003313,-0.003609937
-831.3037,-0.024053994,-0.003611445
-833.2952,-0.024101481,-0.00360996
-835.291,-0.024149687,-0.003609087
-837.2871,-0.024205144,-0.003615458
-839.2848,-0.024266642,-0.003627831
-841.2865,-0.024320755,-0.00363272
-843.2929,-0.024379792,-0.003642418
-845.2803,-0.02443779,-0.003651544
-847.2762,-0.024486395,-0.003651068
-849.2683,-0.02453206,-0.003647745
-851.2634,-0.024582354,-0.003648978
-853.2607,-0.024627939,-0.003645447
-855.2574,-0.024674548,-0.003642955
-857.2556,-0.024723605,-0.003642875
-859.2533,-0.024774938,-0.003645082
-861.239,-0.024821826,-0.003643141
-863.2361,-0.024867451,-0.003639654
-865.2297,-0.02492054,-0.003643719
-867.225,-0.02497142,-0.003645533
-869.2235,-0.025021369,-0.003646336
-871.2219,-0.025075628,-0.003651454
-873.221,-0.025124699,-0.003651364
-875.2198,-0.025164136,-0.003641649
-877.2056,-0.025207579,-0.003636259
-879.2025,-0.025256556,-0.003636131
-881.1949,-0.025304589,-0.003635169
-883.186,-0.025355962,-0.003637578
-885.1837,-0.025413388,-0.003645879
-887.1795,-0.025454222,-0.003637635
-889.1755,-0.025499275,-0.003633604
-891.1754,-0.025549916,-0.003635065
-893.1743,-0.025597695,-0.00363369
-895.1674,-0.025639634,-0.003626617
-897.1443,-0.025693708,-0.003632077
-899.1386,-0.025750216,-0.003639543
-901.136,-0.025800298,-0.003640507
-903.1343,-0.025852416,-0.003643485
-905.1325,-0.025906941,-0.003648873
-907.1309,-0.025952539,-0.003645328
-909.1278,-0.025997978,-0.003641661
-911.1211,-0.026053781,-0.003648447
-913.0958,-0.026100909,-0.003647015
-915.092,-0.026142794,-0.003639812
-917.087,-0.026189763,-0.003637722
-919.0844,-0.026239099,-0.00363794
-921.0803,-0.026292335,-0.003642094
-923.0767,-0.026344652,-0.003645318
-925.0697,-0.026401759,-0.003653416
-927.0584,-0.026451096,-0.003653848
-929.035,-0.026493753,-0.003647899
-931.0287,-0.026541387,-0.003646506
-933.0212,-0.026588954,-0.003645075
-935.0163,-0.026636015,-0.003643076
-937.0092,-0.026688426,-0.003646479
-939.0038,-0.026738667,-0.003647671
-940.9995,-0.026785981,-0.003645909
-942.9905,-0.026835717,-0.003646684
-944.9877,-0.026891401,-0.003653255
-946.9714,-0.026943172,-0.003656245
-948.9812,-0.026989688,-0.003653338
-950.9661,-0.027041274,-0.003656113
-952.9642,-0.027090624,-0.003656328
-954.9637,-0.027136301,-0.003652836
-956.9642,-0.0271879,-0.003655241
-958.9591,-0.027237104,-0.003655388
-960.9588,-0.02728519,-0.003654299
-962.958,-0.027341339,-0.003661286
-964.9457,-0.027408412,-0.00367948
-966.9484,-0.02746822,-0.003690039
-968.9502,-0.027523038,-0.003695632
-970.9543,-0.027583432,-0.003706743
-972.9576,-0.027635816,-0.003709863
-974.955,-0.027685379,-0.003710308
-976.954,-0.027735314,-0.003711086
-978.9523,-0.027780912,-0.003707544
-980.9504,-0.02782784,-0.003705337
-982.9499,-0.027877164,-0.003705491
-984.937,-0.027930399,-0.003709862
-986.9357,-0.027973562,-0.003703875
-988.9349,-0.028021409,-0.003702559
-990.9307,-0.028073939,-0.003706011
-992.9272,-0.028118512,-0.003701488
-994.8875,-0.028159586,-0.003694356
-996.4484,-0.028185425,-0.003681812
-998.912,-0.028161223,-0.003597027
-998.912,-0.028180183,-0.003615987
-998.3097,-0.028116516,-0.003567131
-995.8645,-0.028103344,-0.003614089
-993.4635,-0.028072648,-0.003642436
-991.2214,-0.028040635,-0.003665558
-989.0929,-0.028002036,-0.003679301
-987.0304,-0.027955161,-0.003683145
-984.9972,-0.027907434,-0.003685416
-982.9793,-0.027861011,-0.003688615
-980.9681,-0.027812872,-0.003689934
-978.967,-0.027760422,-0.003686692
-976.9638,-0.027715289,-0.003690821
-974.9592,-0.027667682,-0.003692509
-972.9519,-0.027615219,-0.003689407
-970.9585,-0.027564246,-0.003687453
-968.9549,-0.027515029,-0.003687506
-966.9507,-0.027464587,-0.00368635
-964.9484,-0.027411086,-0.003682088
-962.9464,-0.027361869,-0.003682102
-960.9478,-0.027315619,-0.003684999
-958.9469,-0.027264353,-0.003682937
-956.9561,-0.027212382,-0.003679922
-954.9538,-0.027165281,-0.003682059
-952.9542,-0.027113403,-0.003679353
-950.9487,-0.027063614,-0.003678881
-948.9484,-0.027017204,-0.003681661
-946.951,-0.026968293,-0.003681868
-944.9551,-0.026915005,-0.00367766
-942.9585,-0.026864776,-0.00367653
-940.9623,-0.026818673,-0.003679515
-938.967,-0.026765557,-0.003675466
-936.9745,-0.026712815,-0.003671721
-934.99,-0.026665953,-0.00367366
-933.0008,-0.026613995,-0.003670618
-931.0126,-0.026564059,-0.003669574
-929.018,-0.026516705,-0.003671269
-927.0257,-0.026469098,-0.003672655
-925.0305,-0.026416581,-0.003669202
-923.0323,-0.026361683,-0.003663441
-921.0325,-0.026315327,-0.003666262
-919.034,-0.026265019,-0.003665099
-917.0473,-0.026212515,-0.00366145
-915.0562,-0.026160451,-0.003658349
-913.0583,-0.026107788,-0.003654816
-911.0723,-0.026055896,-0.003651762
-909.0741,-0.026006333,-0.003651337
-907.075,-0.025957675,-0.003651839
-905.076,-0.025910148,-0.003653469
-903.0788,-0.02585811,-0.003650544
-901.0813,-0.025808667,-0.003650221
-899.0911,-0.025763375,-0.00365387
-897.1069,-0.025715316,-0.003654604
-895.1086,-0.025671128,-0.003659557
-893.1105,-0.025635723,-0.003673286
-891.1093,-0.025598693,-0.003685469
-889.1239,-0.02555714,-0.003692738
-887.1262,-0.025510598,-0.003695321
-885.1291,-0.025465519,-0.003699353
-883.137,-0.025413973,-0.003696795
-881.1392,-0.025359142,-0.003691091
-879.1394,-0.02530741,-0.003688536
-877.1417,-0.02525617,-0.003686422
-875.1559,-0.025205117,-0.003684202
-873.1536,-0.025150285,-0.003678608
-871.1492,-0.025099166,-0.003676779
-869.1641,-0.025045491,-0.00367192
-867.1657,-0.024990979,-0.00366655
-865.1665,-0.024943784,-0.003668518
-863.1677,-0.024891627,-0.003665513
-861.1704,-0.024839057,-0.003662058
-859.1686,-0.024791982,-0.003664209
-857.1801,-0.024742406,-0.003663532
-855.1818,-0.024690155,-0.003660422
-853.1845,-0.024635989,-0.003655371
-851.1873,-0.024585162,-0.003653657
-849.1907,-0.024535319,-0.003652913
-847.2061,-0.024482137,-0.003648534
-845.2032,-0.024434743,-0.003650393
-843.2024,-0.024384449,-0.0036493
-841.2024,-0.024333542,-0.003647575
-839.2044,-0.024285296,-0.003648462
-837.2049,-0.024237929,-0.003650264
-835.2237,-0.024185705,-0.00364676
-833.225,-0.02413219,-0.003642395
-831.2242,-0.024084157,-0.003643564
-829.2243,-0.024036151,-0.003644737
-827.2261,-0.023985098,-0.003642822
-825.2376,-0.023940099,-0.003646722
-823.2283,-0.023892585,-0.003648618
-821.2151,-0.023839908,-0.003645448
-819.1938,-0.023787951,-0.003643196
-817.1842,-0.023736871,-0.003641534
-815.1784,-0.023687401,-0.003641389
-813.1766,-0.023633674,-0.003636888
-811.1751,-0.023583033,-0.003635466
-809.1863,-0.023536144,-0.003637484
-807.1883,-0.023483974,-0.003634446
-805.1957,-0.023432535,-0.003632007
-803.1995,-0.023385726,-0.003634287
-801.203,-0.023338904,-0.00363656
-799.2015,-0.02328676,-0.003633635
-797.2131,-0.023231356,-0.003627128
-795.2101,-0.023181833,-0.00362686
-793.2055,-0.023126974,-0.003621297
-791.2182,-0.023073779,-0.003616971
-789.2889,-0.023029884,-0.00362052
-787.212,-0.022979696,-0.003621404
-785.2361,-0.022927924,-0.003618222
-783.233,-0.022878148,-0.003617704
-781.2285,-0.022831459,-0.003620308
-779.2267,-0.022783294,-0.003621368
-777.2238,-0.022730644,-0.003617972
-775.243,-0.022688146,-0.003624184
-773.2504,-0.022652966,-0.003638004
-771.2479,-0.022611653,-0.003645934
-769.2451,-0.022568982,-0.003652514
-767.2447,-0.022524795,-0.003657518
-765.2537,-0.022480195,-0.003661879
-763.249,-0.022430086,-0.003661068
-761.2507,-0.022379965,-0.003660086
-759.2528,-0.022328286,-0.003657538
-757.2538,-0.022274692,-0.003653101
-755.2674,-0.022222933,-0.00365019
-753.2697,-0.022172439,-0.003648821
-751.277,-0.02211935,-0.003644735
-749.2804,-0.022068483,-0.003642966
-747.2813,-0.022015421,-0.003639063
-745.2841,-0.021962013,-0.003634768
-743.3002,-0.021908285,-0.003629827
-741.302,-0.021856993,-0.003627672
-739.3045,-0.021809199,-0.003628999
-737.3016,-0.02175454,-0.003623593
-735.3026,-0.021704725,-0.003622935
-733.3018,-0.021656852,-0.003624263
-731.3106,-0.021605,-0.003621377
-729.3094,-0.021552031,-0.00361762
-727.3139,-0.021500406,-0.003615066
-725.3289,-0.02145244,-0.003615912
-723.332,-0.021400389,-0.003612967
-721.3269,-0.021350466,-0.003612352
-719.3198,-0.021309352,-0.003620595
-717.325,-0.021255731,-0.003616028
-715.3182,-0.02120368,-0.003613326
-713.3222,-0.021160331,-0.00361906
-711.3372,-0.021108746,-0.003616288
-709.3389,-0.021056402,-0.003613084
-707.3393,-0.02100656,-0.003612414
-705.3372,-0.020954841,-0.003609929
-703.3342,-0.020903655,-0.003607998
-701.3316,-0.02085328,-0.00360687
-699.3451,-0.020807017,-0.003609456
-697.3503,-0.020755725,-0.003607218
-695.3562,-0.02070394,-0.00360447
-693.3553,-0.020654922,-0.003604656
-691.3507,-0.020601368,-0.003600397
-689.3617,-0.020546057,-0.003593997
-687.362,-0.020496521,-0.003593636
-685.3664,-0.02044914,-0.003595328
-683.3667,-0.020395293,-0.003590656
-681.3718,-0.020341472,-0.003585892
-679.3902,-0.020294424,-0.003587573
-677.3893,-0.020244595,-0.003586948
-675.3907,-0.020191852,-0.003583352
-673.3901,-0.020141451,-0.003582148
-671.3967,-0.020096771,-0.003586488
-669.3931,-0.020050268,-0.003589255
-667.3973,-0.020000466,-0.003588532
-665.4001,-0.019951568,-0.003588747
-663.4014,-0.019902218,-0.003588547
-661.3991,-0.019846481,-0.003582049
-659.4092,-0.0197964,-0.0035809
-657.4035,-0.019747715,-0.003581538
-655.3993,-0.019691113,-0.003574221
-653.3956,-0.019644211,-0.003576592
-651.4098,-0.019590098,-0.003571312
-649.4107,-0.019535532,-0.003565906
-647.413,-0.019482457,-0.003561956
-645.413,-0.019436872,-0.003565553
-643.4119,-0.019388733,-0.003566623
-641.4092,-0.019335764,-0.003562902
-639.4206,-0.019287505,-0.003563544
-637.4199,-0.019236638,-0.003561877
-635.4177,-0.019188086,-0.003562561
-633.4207,-0.019136022,-0.003559605
-631.4371,-0.01908771,-0.003560071
-629.4374,-0.019042804,-0.00356434
-627.4322,-0.018998177,-0.003569023
-625.43,-0.018959485,-0.003579567
-623.4257,-0.01891563,-0.003584999
-621.4242,-0.018865761,-0.003584349
-619.4406,-0.018817289,-0.003584656
-617.4287,-0.018769004,-0.003585845
-615.4097,-0.018725481,-0.003591972
-613.3958,-0.018676331,-0.003592345
-611.3847,-0.018624533,-0.003590002
-609.3801,-0.01856865,-0.003583414
-607.3885,-0.01851286,-0.003576599
-605.3882,-0.018463177,-0.003576106
-603.3931,-0.01841553,-0.00357752
-601.396,-0.01836614,-0.003577241
-599.3965,-0.018317695,-0.003577965
-597.3954,-0.018263994,-0.003573473
-595.4048,-0.01821032,-0.00356875
-593.4001,-0.018160171,-0.003567899
-591.3931,-0.018110302,-0.003567384
-589.4012,-0.018060553,-0.003566617
-587.4047,-0.018009646,-0.003564806
-585.408,-0.01796321,-0.003567471
-583.4087,-0.017922775,-0.0035762
-581.4066,-0.017869473,-0.003572132
-579.4153,-0.017813643,-0.00356527
-577.4097,-0.017766289,-0.003567236
-575.4085,-0.017715569,-0.003565727
-573.4091,-0.017659646,-0.003558971
-571.427,-0.017607315,-0.003555382
-569.4284,-0.017558125,-0.003555339
-567.4275,-0.01750622,-0.003552639
-565.4281,-0.017455393,-0.003550979
-563.4248,-0.01740297,-0.003547818
-561.4202,-0.017351664,-0.003545807
-559.4228,-0.017299666,-0.003542928
-557.4245,-0.017253855,-0.003546257
-555.4433,-0.017200806,-0.003541928
-553.4447,-0.017151004,-0.003541273
-551.4425,-0.017102266,-0.003541771
-549.4429,-0.017053368,-0.003542045
-547.439,-0.01700149,-0.003539445
-545.4487,-0.016952739,-0.003539637
-543.4482,-0.016904666,-0.003540758
-541.4483,-0.016849076,-0.003534347
-539.4511,-0.016798342,-0.003532727
-537.451,-0.01675152,-0.003535089
-535.464,-0.01670398,-0.003536411
-533.4585,-0.016658754,-0.003540503
-531.4482,-0.016607342,-0.003538525
-529.4554,-0.016552483,-0.003532672
-527.4562,-0.016503945,-0.003533296
-525.458,-0.016457136,-0.003535625
-523.4612,-0.016408039,-0.003535631
-521.4648,-0.016354697,-0.003531382
-519.4652,-0.016302207,-0.003528064
-517.4776,-0.016250901,-0.003525635
-515.4762,-0.016199223,-0.003523173
-513.4706,-0.016148675,-0.003521945
-511.4678,-0.016101241,-0.003523762
-509.4662,-0.016047487,-0.003519229
-507.4746,-0.015990048,-0.003510765
-505.4752,-0.015935402,-0.003505286
-503.4852,-0.015888713,-0.003507533
-501.4864,-0.01584378,-0.003511753
-499.4889,-0.015796054,-0.003513147
-497.4864,-0.015751959,-0.003518296
-495.4978,-0.015701372,-0.00351661
-493.5009,-0.01565137,-0.003515714
-491.5004,-0.015598733,-0.003512271
-489.5003,-0.015546869,-0.003509591
-487.5074,-0.015496946,-0.003508676
-485.5027,-0.015445122,-0.003506149
-483.4991,-0.015396663,-0.00350696
-481.4932,-0.015354431,-0.003514056
-479.4936,-0.015308248,-0.003517045
-477.5001,-0.015261972,-0.00351979
-475.5163,-0.015213486,-0.003520089
-473.5162,-0.015162686,-0.003518473
-471.5127,-0.015110209,-0.003515264
-469.5085,-0.015063108,-0.003517448
-467.5047,-0.015011004,-0.003514619
-465.5184,-0.014958247,-0.003510707
-463.5187,-0.014901925,-0.00350356
-461.5197,-0.014851032,-0.003501824
-459.5163,-0.014800045,-0.003500103
-457.5135,-0.014751201,-0.003500509
-455.5106,-0.014703235,-0.003501796
-453.5071,-0.014650758,-0.003498587
-451.5179,-0.01460206,-0.003498805
-449.5151,-0.014556329,-0.003502325
-447.5169,-0.014509187,-0.003504321
-445.5315,-0.014449739,-0.003493695
-443.5292,-0.01438864,-0.003481835
-441.5298,-0.014336575,-0.003478938
-439.5317,-0.014281131,-0.003472629
-437.5303,-0.014228282,-0.003468996
-435.5267,-0.014177628,-0.003467613
-433.524,-0.014124273,-0.003463506
-431.5394,-0.014070359,-0.003458395
-429.5428,-0.014021422,-0.003458556
-427.5436,-0.013969291,-0.003455587
-425.542,-0.013916295,-0.003451813
-423.5402,-0.013873611,-0.003458355
-421.5353,-0.013829104,-0.003463151
-419.5469,-0.013780287,-0.003463229
-417.5482,-0.013726572,-0.003458665
-415.5526,-0.013675293,-0.00345646
-413.5464,-0.013621007,-0.003451508
-411.5126,-0.013565962,-0.003446476
-409.4816,-0.013517051,-0.003447509
-407.475,-0.013469005,-0.003448807
-405.4621,-0.013430579,-0.00345988
-403.4537,-0.013387695,-0.003466385
-401.4511,-0.01333458,-0.003462515
-399.466,-0.013278752,-0.003455504
-397.4656,-0.013226069,-0.003452012
-395.4624,-0.013178538,-0.003453742
-393.4599,-0.013122788,-0.003447235
-391.4692,-0.013061992,-0.003435392
-389.4686,-0.013008192,-0.003430789
-387.4647,-0.012952409,-0.003424284
-385.4639,-0.01289861,-0.003419686
-383.4772,-0.012847308,-0.003417239
-381.4749,-0.012800044,-0.003419213
-379.4723,-0.012746822,-0.003415237
-377.4804,-0.012701074,-0.003418472
-375.4694,-0.012653521,-0.003420372
-373.4682,-0.012603718,-0.003419779
-371.477,-0.012556869,-0.003421896
-369.4802,-0.012500655,-0.003414785
-367.4843,-0.012443972,-0.003407184
-365.4843,-0.012394361,-0.003406755
-363.4849,-0.012346032,-0.003407592
-361.4775,-0.012295632,-0.003406556
-359.4878,-0.01223764,-0.003397493
-357.4851,-0.012186041,-0.003395143
-355.4805,-0.01214349,-0.003401887
-353.4806,-0.012095517,-0.003403093
-351.4963,-0.012042389,-0.00339876
-349.4947,-0.0119877,-0.003393293
-347.4931,-0.011932863,-0.003387678
-345.4899,-0.011878541,-0.003382616
-343.4871,-0.011822783,-0.003376109
-341.4819,-0.011761856,-0.003364491
-339.492,-0.011709488,-0.003361057
-337.4939,-0.011659924,-0.003360628
-335.4971,-0.011605983,-0.003355791
-333.4929,-0.011549305,-0.003348397
-331.5011,-0.011504439,-0.003352512
-329.4945,-0.011441566,-0.003338983
-327.4883,-0.011374086,-0.003320838
-325.5004,-0.011313589,-0.003309225
-323.5036,-0.011262794,-0.003307533
-321.5062,-0.011212347,-0.003306204
-319.5083,-0.011164476,-0.003307463
-317.5073,-0.011114056,-0.00330625
-315.5072,-0.011073062,-0.00331444
-313.5075,-0.011023227,-0.00331378
-311.5188,-0.010971251,-0.003310707
-309.5145,-0.010917873,-0.003306617
-307.5125,-0.010864069,-0.003302044
-305.5142,-0.010803386,-0.003290502
-303.5156,-0.010741722,-0.003277985
-301.5244,-0.01068813,-0.003273359
-299.5208,-0.010630539,-0.003265038
-297.5176,-0.010570645,-0.003254405
-295.5157,-0.010523584,-0.003256572
-293.5132,-0.010475599,-0.00325783
-291.5288,-0.010424626,-0.003255655
-289.5312,-0.01037582,-0.003255972
-287.5313,-0.010327021,-0.003256353
-285.5305,-0.010262645,-0.003241178
-283.5249,-0.010193088,-0.003220941
-281.5198,-0.010138891,-0.003216051
-279.5278,-0.010101323,-0.003227468
-277.524,-0.010052943,-0.003228364
-275.5235,-0.010006987,-0.003231602
-273.5359,-0.009956085,-0.003229577
-271.5355,-0.009888717,-0.003211401
-269.5369,-0.009830297,-0.003202128
-267.5342,-0.009780633,-0.003201712
-265.5309,-0.009731068,-0.003201411
-263.5305,-0.009665357,-0.003184891
-261.5417,-0.009600838,-0.003169279
-259.5443,-0.00955683,-0.003174389
-257.5423,-0.009507975,-0.003174765
-255.5367,-0.009446113,-0.003162222
-253.5384,-0.009374982,-0.003140231
-251.5542,-0.009331239,-0.003145282
-249.556,-0.009270794,-0.003133975
-247.5573,-0.009221903,-0.003134234
-245.5574,-0.009151854,-0.003113364
-243.5603,-0.009079258,-0.003089879
-241.5626,-0.009010594,-0.00307034
-239.5628,-0.00896067,-0.003069593
-237.5754,-0.008910752,-0.003068547
-235.5691,-0.008851938,-0.00305907
-233.5642,-0.008799417,-0.003055851
-231.5606,-0.008746177,-0.003051881
-229.5742,-0.00868912,-0.003043672
-227.5736,-0.008632528,-0.003036277
-225.5758,-0.008564478,-0.003017355
-223.5722,-0.008509773,-0.00301192
-221.5823,-0.00844182,-0.002992901
-219.5775,-0.008376199,-0.00297658
-217.5704,-0.008340624,-0.002990361
-215.5692,-0.008279132,-0.00297808
-213.5819,-0.008192939,-0.002940757
-211.5808,-0.008117599,-0.002914626
-209.5823,-0.008056023,-0.002902195
-207.5706,-0.00798066,-0.002876302
-205.5432,-0.007916609,-0.002862107
-203.525,-0.007860402,-0.002855528
-201.5145,-0.007795825,-0.002840392
-199.507,-0.007743762,-0.002837695
-197.5078,-0.007664816,-0.002807912
-195.5218,-0.007590012,-0.002781945
-193.5217,-0.007544689,-0.002785807
-191.5189,-0.00749327,-0.002783638
-189.5177,-0.007443355,-0.002782934
-187.5174,-0.007381817,-0.002770586
-185.515,-0.007292943,-0.002730953
-183.5261,-0.007202352,-0.002689271
-181.529,-0.007145767,-0.002681796
-179.5309,-0.007087694,-0.002672858
-177.5304,-0.007030222,-0.002664581
-175.5276,-0.006977767,-0.002661376
-173.5247,-0.006909504,-0.002642367
-171.5353,-0.006844367,-0.002626151
-169.5328,-0.006781339,-0.002612366
-167.529,-0.006706207,-0.00258651
-165.5328,-0.006611722,-0.002541113
-163.5508,-0.006548585,-0.002526715
-161.5506,-0.006492804,-0.002520122
-159.5495,-0.006423784,-0.00250031
-157.5418,-0.006344943,-0.002470841
-155.5339,-0.006279408,-0.002454682
-153.5403,-0.006204781,-0.002429079
-151.5354,-0.006143561,-0.002417161
-149.539,-0.006075557,-0.00239825
-147.5394,-0.005996675,-0.002368541
-145.5397,-0.005921242,-0.002342283
-143.5408,-0.005853593,-0.002323788
-141.5496,-0.005801546,-0.002320707
-139.5452,-0.005743454,-0.002311905
-137.5422,-0.005663881,-0.002281587
-135.5435,-0.005572833,-0.002239689
-133.5491,-0.005492771,-0.002208672
-131.5485,-0.005418692,-0.002183789
-129.5585,-0.00534892,-0.002162954
-127.5548,-0.005261204,-0.00212451
-125.5504,-0.005177413,-0.002090009
-123.5447,-0.005092609,-0.002054527
-121.5513,-0.005007418,-0.002018356
-119.5531,-0.004932813,-0.001992888
-117.5536,-0.004860328,-0.001969574
-115.5549,-0.00478995,-0.001948346
-113.5537,-0.004718544,-0.00192615
-111.5657,-0.004644951,-0.001901445
-109.5621,-0.004565636,-0.0018714
-107.5588,-0.004468835,-0.001823861
-105.5534,-0.004384986,-0.001789328
-103.5672,-0.004324674,-0.001777858
-101.5665,-0.004271748,-0.001774132
-99.55993,-0.004216927,-0.001768654
-97.55649,-0.004137153,-0.001738146
-95.56604,-0.004046127,-0.001696068
-93.56323,-0.003967753,-0.001666944
-91.55554,-0.003880722,-0.001629284
-89.55259,-0.003789256,-0.001587073
-87.55353,-0.003714009,-0.001560985
-85.56881,-0.003654379,-0.001550161
-83.56886,-0.00357662,-0.001521582
-81.56654,-0.003500724,-0.001494925
-79.56409,-0.003422895,-0.001466338
-77.55961,-0.003323827,-0.001416563
-75.56798,-0.003227788,-0.0013695
-73.56431,-0.003171981,-0.001362965
-71.56567,-0.003085094,-0.001325226
-69.56562,-0.002989123,-0.001278438
-67.56674,-0.002900258,-0.001238728
-65.57918,-0.002810799,-0.001198144
-63.57368,-0.002739681,-0.001176344
-61.57208,-0.002682824,-0.001168708
-59.56858,-0.002613931,-0.001149083
-57.58435,-0.002535825,-0.001119771
-55.59071,-0.002452908,-0.00108588
-53.58921,-0.002368333,-0.001050523
-51.58706,-0.002280794,-0.001012219
-49.58242,-0.002191294,-0.000972015
-47.57848,-0.002108649,-0.000938649
-45.58828,-0.00201689,-0.000895831
-43.58487,-0.00194756,-0.000875767
-41.58386,-0.001846374,-0.000823787
-39.58849,-0.001752551,-0.000779033
-37.58745,-0.001688781,-0.00076447
-35.58636,-0.001626051,-0.000750948
-33.58357,-0.001533442,-0.00070759
-31.59261,-0.00144216,-0.000665267
-29.59031,-0.001345473,-0.000617819
-27.58411,-0.001256018,-0.000577698
-25.58298,-0.00117292,-0.00054381
-23.58563,-0.001100235,-0.000520242
-21.59997,-0.00099582,-0.000464656
-19.59406,-0.000908794,-0.000426957
-17.59133,-0.000821386,-0.000388799
-15.58785,-0.000734692,-0.000351372
-13.59926,-0.000659937,-0.000325518
-11.5975,-0.000575799,-0.000290605
-9.601691,-0.000501706,-0.000265591
-7.604988,-0.000401103,-0.000214089
-5.603536,-0.000308725,-0.000170929
-3.597897,-0.000208697,-0.000120221
-1.586482,-0.000118162,-7.91486E-05
0.4095833,-2.10418E-05,-3.11138E-05
2.416645,6.71152E-05,7.68763E-06
4.41783,0.000146959,3.83204E-05
6.416,0.000235254,7.74785E-05
8.417629,0.000339183,0.000132185
10.41739,0.000428804,0.00017263
12.41944,0.000512463,0.000207057
14.40871,0.000594575,0.000240251
16.41008,0.000683732,0.000280192
18.4125,0.000757447,0.000304666
20.41301,0.000850755,0.00034878
22.40015,0.000969659,0.000418818
24.39916,0.001079277,0.000479278
26.40005,0.001159917,0.000510715
28.40633,0.001246101,0.000547563
30.415,0.001310163,0.00056223
32.41881,0.001388866,0.000591657
34.40921,0.001455278,0.000609122
36.40825,0.001552372,0.000657058
38.40442,0.001648031,0.00070363
40.40344,0.001735431,0.000741872
42.40636,0.001828375,0.000785563
44.39521,0.001918634,0.000826914
46.39886,0.002016955,0.000875963
48.40298,0.00212009,0.000929815
50.40602,0.002201328,0.000961796
52.40467,0.002284292,0.000995611
54.40161,0.002367028,0.00102924
56.40504,0.002438891,0.001051837
58.40513,0.002529609,0.001093371
60.39397,0.002608196,0.001123051
62.39693,0.002695537,0.001161138
64.40117,0.002782889,0.001199203
66.39023,0.002866787,0.001234188
68.39123,0.00294966,0.001267855
70.3896,0.003019105,0.001288158
72.38978,0.003089598,0.001309464
74.38945,0.003184212,0.001354904
76.38057,0.003295282,0.001417011
78.38582,0.003392393,0.001464811
80.38853,0.003454968,0.001478137
82.39053,0.003514919,0.001488858
84.38874,0.003599405,0.001524206
86.37206,0.003692248,0.001568277
88.37607,0.003776038,0.001602787
90.37859,0.003832113,0.001609617
92.38129,0.003893198,0.001621454
94.38601,0.003980768,0.001659727
96.37414,0.004074025,0.001704093
98.37561,0.004143558,0.001724408
100.3763,0.004212572,0.001744224
102.3786,0.004300488,0.001782901
104.3708,0.004382631,0.001816054
106.3758,0.004466873,0.001850991
108.381,0.004554382,0.00188919
110.3856,0.004642945,0.001928458
112.3908,0.004724792,0.001960995
114.3794,0.004798296,0.001985597
116.3773,0.004862864,0.002001036
118.3765,0.004946279,0.002035288
120.3796,0.005034918,0.002074669
122.3705,0.005111874,0.002102667
124.3719,0.005194772,0.002136349
126.3779,0.005264707,0.002156955
128.26,0.005323681,0.002169646
130.3828,0.005391093,0.002184856
132.3729,0.005463192,0.002208016
134.3588,0.005526084,0.002222073
136.364,0.005596278,0.002242958
138.3704,0.005673275,0.002270615
140.374,0.005763684,0.002311754
142.3796,0.005857119,0.002355869
144.369,0.005935999,0.002385828
146.366,0.006011978,0.002412699
148.3665,0.00608445,0.002435977
150.3673,0.006152742,0.002455067
152.3583,0.006240711,0.002494075
154.3664,0.006309493,0.002513477
156.374,0.006371957,0.002526572
158.3775,0.006427365,0.002532712
160.3811,0.006485461,0.002541537
162.3792,0.006561656,0.002568597
164.3643,0.006644442,0.002602567
166.3663,0.006706148,0.002615043
168.3675,0.006758085,0.002617768
170.3717,0.006834035,0.002644433
172.3746,0.006913887,0.002675032
174.362,0.007000082,0.002712355
176.3634,0.00707299,0.002736046
178.3624,0.007135817,0.002749716
180.3626,0.007195054,0.002759767
182.3653,0.007260767,0.002776231
184.3673,0.007340729,0.002806962
186.3546,0.007390037,0.0028074
188.3574,0.007428801,0.002796914
190.3575,0.007492791,0.002811719
192.3589,0.00757721,0.002846922
194.3555,0.007647696,0.00286831
196.3521,0.007709678,0.002881194
198.3371,0.007770564,0.002893266
200.3386,0.007839097,0.00291258
202.3605,0.00790777,0.002931533
204.3796,0.007969775,0.002943887
206.3951,0.008039741,0.002964289
208.3889,0.008105526,0.002981045
210.3894,0.008173654,0.002999978
212.3895,0.008230609,0.00300775
214.3944,0.008286857,0.003014695
216.3853,0.008347262,0.003026142
218.3892,0.008426433,0.003056035
220.3938,0.008476351,0.003056658
222.3965,0.008534304,0.003065363
224.3949,0.008606219,0.003088135
226.3943,0.008664349,0.003097098
228.3959,0.008720891,0.003104419
230.3858,0.008774545,0.003109139
232.3942,0.008821349,0.003106554
234.3992,0.008873477,0.003109378
236.3884,0.008936844,0.003123829
238.3926,0.008997154,0.003134853
240.3888,0.009054727,0.003143338
242.3875,0.009118662,0.003158123
244.3876,0.00918775,0.003178026
246.3742,0.009262232,0.003203657
248.3731,0.009322482,0.003214752
250.3686,0.009383912,0.00322711
252.3709,0.009431755,0.003225715
254.3765,0.009487818,0.003232458
256.3623,0.009529875,0.003225682
258.3643,0.009576004,0.00322258
260.3673,0.00963938,0.003236701
262.3698,0.009704904,0.003252982
264.3603,0.009765154,0.003264283
266.3619,0.009808963,0.00325887
268.3705,0.009875578,0.003276092
270.359,0.009934469,0.003286084
272.3547,0.009997472,0.003300011
274.3526,0.01006041,0.003313818
276.3564,0.010116607,0.00332074
278.3573,0.01016079,0.003315719
280.3639,0.010197473,0.003303058
282.356,0.010246247,0.003302845
284.3564,0.01030585,0.003313256
286.3551,0.010368753,0.003327009
288.351,0.010420538,0.003329713
290.3498,0.010477112,0.003337134
292.3514,0.010534058,0.003344859
294.3528,0.010588982,0.003350567
296.3565,0.010651745,0.003364057
298.3446,0.010705731,0.003369153
300.3453,0.010747977,0.0033622
302.3453,0.010787541,0.003352582
304.3445,0.010830545,0.003346425
306.3465,0.010898241,0.003364889
308.3507,0.010973449,0.003390812
310.3511,0.011034102,0.003402273
312.3397,0.011079072,0.003398342
314.3426,0.011127058,0.003397075
316.3451,0.011190465,0.003411239
318.3424,0.011242945,0.003414603
320.3414,0.011297602,0.003420103
322.3396,0.011353061,0.003426424
324.3378,0.011406556,0.003430781
326.3394,0.011458214,0.003433218
328.3419,0.011510712,0.003436473
330.3319,0.011565182,0.003442007
332.3333,0.011618352,0.00344596
334.3323,0.011665097,0.003443548
336.3304,0.011717922,0.003447238
338.3306,0.011770278,0.003450407
340.3327,0.011816806,0.003447702
342.3378,0.011870218,0.003451806
344.3423,0.011925743,0.003458039
346.3322,0.011975257,0.003458619
348.3333,0.012028593,0.003462746
350.3304,0.012085167,0.003470209
352.3264,0.012146064,0.003482022
354.3247,0.012205795,0.003492613
356.3278,0.012264721,0.003502281
358.3364,0.012309295,0.003497462
360.3387,0.01234088,0.003479809
362.3438,0.012393178,0.0034828
364.3413,0.012442637,0.003483138
366.335,0.012504759,0.003496233
368.3214,0.01256029,0.003502916
370.3226,0.012608304,0.003501719
372.3252,0.012656587,0.003500756
374.3286,0.012703918,0.003498822
376.3314,0.012757779,0.003503432
378.3334,0.012820033,0.003516455
380.3316,0.012881229,0.003528513
382.3292,0.012932789,0.00353095
384.3301,0.012992412,0.003541369
386.332,0.013050353,0.003550082
388.3299,0.013088193,0.003538791
390.3209,0.013122796,0.003524434
392.3226,0.013173197,0.003525612
394.3263,0.013226878,0.00353002
396.3246,0.01327435,0.003528351
398.3241,0.01332963,0.003534462
400.3235,0.013384209,0.003539874
402.3091,0.013440039,0.003546876
404.3109,0.013489748,0.003547359
406.3324,0.013547135,0.003555035
408.3686,0.013601448,0.003559276
410.3923,0.013648216,0.00355628
412.4015,0.013697207,0.003555862
414.4033,0.013752784,0.003562213
416.4038,0.013807456,0.003567691
418.3934,0.013862794,0.003574102
420.3956,0.013907234,0.003569307
422.4004,0.013942241,0.003555014
424.4029,0.013983448,0.003546977
426.4013,0.014035991,0.003550378
428.3965,0.014088561,0.003553884
430.3933,0.014146693,0.003562913
432.3927,0.014198904,0.003565956
434.3932,0.014251314,0.003569172
436.3946,0.014306518,0.00357516
438.3958,0.014343441,0.003562872
440.3985,0.014392791,0.003562973
442.3847,0.014454143,0.003575482
444.3818,0.014497106,0.003569335
446.382,0.014546163,0.003569206
448.3846,0.014598534,0.00357233
450.3855,0.014648004,0.003572596
452.3859,0.014699948,0.003575349
454.3878,0.014752279,0.003578451
456.3778,0.014806977,0.003584213
458.3759,0.014860026,0.003588127
460.3716,0.014913381,0.003592406
462.3711,0.014962864,0.003592719
464.3688,0.015007265,0.003587995
466.3727,0.015057905,0.003589357
468.3807,0.015127387,0.00360946
470.3862,0.015187102,0.003619858
472.3892,0.015224344,0.003607844
474.3866,0.015267507,0.003601889
476.3823,0.015312147,0.003597453
478.3674,0.01535515,0.003591641
480.3646,0.015401506,0.003588884
482.3671,0.01545397,0.003592104
484.3693,0.015506167,0.003595066
486.3719,0.015560227,0.00359988
488.3787,0.015615844,0.003606148
490.3772,0.015672832,0.00361399
492.3727,0.015737869,0.003629956
494.3712,0.015785316,0.003628258
496.37,0.015825712,0.003619501
498.3529,0.015863991,0.00360902
500.3501,0.01591547,0.003611386
502.3495,0.015966271,0.003613019
504.3472,0.016021329,0.003618952
506.3437,0.016070346,0.003618873
508.3473,0.016113629,0.003612885
510.3508,0.01616411,0.003614098
512.3532,0.01621821,0.003618958
514.3402,0.016269689,0.003621574
516.3445,0.016317243,0.00361984
518.347,0.016367644,0.003620998
520.3467,0.016426015,0.003630195
522.3457,0.016479676,0.003634699
524.3415,0.016526205,0.003632149
526.3408,0.016568384,0.003625163
528.3457,0.016620102,0.003627579
530.3484,0.0166721,0.003630328
532.3533,0.016720558,0.003629485
534.3549,0.016763961,0.003623666
536.3432,0.016825991,0.003636802
538.3408,0.016886398,0.003648086
540.3376,0.016938888,0.003651473
542.34,0.016992709,0.003656052
544.3467,0.01705591,0.003669907
546.3483,0.017105592,0.003670368
548.3371,0.017150724,0.003666594
550.341,0.017200381,0.003666972
552.3387,0.01725303,0.003670497
554.3343,0.017303791,0.003672183
556.3308,0.017355855,0.003675152
558.3307,0.017405232,0.003675349
560.3323,0.017452187,0.003673083
562.3356,0.017505555,0.003677188
564.3401,0.017555357,0.003677698
566.3417,0.017596698,0.003669817
568.3397,0.017649161,0.003673148
570.3213,0.017698325,0.003673582
572.3218,0.017744841,0.003670904
574.3221,0.017793326,0.0036702
576.3257,0.017841425,0.003669028
578.3243,0.017887795,0.003666251
580.326,0.017935588,0.00366482
582.33,0.017984632,0.003664584
584.3263,0.01803832,0.003669181
586.323,0.018087776,0.003669536
588.3296,0.018141677,0.003674093
590.3113,0.018191093,0.003674777
592.3166,0.018242785,0.003677157
594.3221,0.018292947,0.003678001
596.3257,0.018344971,0.003680755
598.3306,0.018400189,0.003686671
600.3264,0.018440119,0.003677522
602.3108,0.018480953,0.003669558
604.3093,0.01853178,0.00367124
606.3066,0.018582274,0.003672619
608.3096,0.018634618,0.003675707
610.3166,0.018691473,0.003683207
612.3394,0.018748646,0.003690638
614.354,0.018788988,0.003681439
616.3608,0.018826656,0.003669758
618.3646,0.018881621,0.003675448
620.3701,0.0189329,0.00367741
622.3779,0.01897452,0.003669656
624.369,0.019026172,0.003672345
626.3701,0.019089772,0.003686736
628.3754,0.019148755,0.003696407
630.3737,0.019194659,0.003693171
632.3732,0.019232553,0.003681895
634.3715,0.019274519,0.00367472
636.3719,0.019328007,0.003679017
638.36,0.019387682,0.003689803
640.3609,0.019441356,0.003694273
642.3651,0.019489163,0.003692794
644.3672,0.019536091,0.003690489
646.364,0.019584124,0.003689419
648.3611,0.019637173,0.003693357
650.3582,0.019685325,0.003692399
652.3587,0.019726626,0.003684505
654.3623,0.019773567,0.003682176
656.3656,0.019826004,0.00368535
658.3608,0.01988524,0.003695522
660.3647,0.019941922,0.003702926
662.3636,0.019991152,0.003703001
664.3622,0.020036856,0.003699558
666.3617,0.020088255,0.003701788
668.3527,0.020132456,0.003697028
670.3583,0.02017369,0.003688942
672.3593,0.020220977,0.003687023
674.3611,0.020275703,0.003692522
676.3638,0.020328645,0.003696217
678.3425,0.020380563,0.003699476
680.3361,0.020436047,0.003705936
682.3367,0.020489522,0.003710214
684.3346,0.020540548,0.00371211
686.3328,0.020593052,0.003715476
688.3367,0.020643413,0.003716559
690.3409,0.02069267,0.003716531
692.3262,0.020741714,0.003716755
694.3184,0.020790598,0.003716649
696.3173,0.020833575,0.003710471
698.316,0.020875474,0.00370322
700.3145,0.02092529,0.00370389
702.318,0.020983315,0.003712648
704.3182,0.021034009,0.003714155
706.3201,0.021082813,0.003713731
708.32,0.021127773,0.00370951
710.3134,0.021174342,0.00370706
712.3116,0.021223226,0.003706807
714.3129,0.021282462,0.003716829
716.3178,0.021340554,0.003725618
718.3198,0.021385965,0.003721799
720.3118,0.02143167,0.003718518
722.319,0.021476922,0.003714411
724.3189,0.021525234,0.003713543
726.3149,0.021581928,0.003721155
728.3147,0.021638597,0.003728646
730.314,0.02168015,0.003721034
732.3161,0.021724563,0.003716214
734.3161,0.021779621,0.00372209
736.3164,0.021830661,0.003723941
738.314,0.021875022,0.003719178
740.3153,0.021919688,0.003714631
742.3007,0.021972138,0.003718258
744.3013,0.022019838,0.003716762
746.3015,0.02206545,0.003713186
748.2986,0.02211806,0.003716686
750.2946,0.022170949,0.003720491
752.2937,0.022220339,0.003720721
754.2918,0.02227251,0.003723757
756.289,0.022328113,0.003730248
758.2833,0.022378993,0.003732086
760.2821,0.022427798,0.003731738
762.2805,0.022471879,0.003726677
764.2797,0.022515893,0.003721529
766.2836,0.022560028,0.003716385
768.2896,0.022611174,0.003718202
770.2779,0.022671488,0.003729622
772.2739,0.022720186,0.003729236
774.2715,0.022765624,0.003725552
776.27,0.022815373,0.003726156
778.272,0.022857711,0.003719263
780.2767,0.022904267,0.003716521
782.2796,0.022962226,0.003725227
784.2832,0.023017244,0.003730974
786.2839,0.023069029,0.00373356
788.2824,0.023124366,0.003739753
790.2672,0.023184986,0.003751564
792.2667,0.023242985,0.003760393
794.268,0.023302061,0.003770256
796.2684,0.023356374,0.003775377
798.2701,0.023404793,0.003774572
800.2715,0.023459478,0.003780041
802.2693,0.023519872,0.003791307
804.2651,0.023572375,0.003794732
806.2636,0.023617201,0.003790413
808.2665,0.023658821,0.003782779
810.2528,0.023706361,0.003781475
812.2556,0.023758625,0.003784488
814.2548,0.023809159,0.00378586
816.2826,0.023857831,0.003784666
818.1481,0.023897907,0.003778867
820.2323,0.023941137,0.003770845
822.2868,0.023986921,0.003766107
824.3145,0.024037987,0.00376731
826.327,0.024090411,0.003770244
828.3241,0.024138976,0.003769699
830.3264,0.024191998,0.003773483
832.3269,0.024239472,0.003771762
834.3276,0.024284085,0.003767176
836.325,0.024333542,0.003767515
838.3244,0.024384648,0.003769454
840.3252,0.024436779,0.003772383
842.3287,0.024486089,0.003772426
844.3348,0.024534015,0.00377102
846.3386,0.024583259,0.003770988
848.3372,0.024627992,0.003766574
850.3218,0.024678034,0.003767813
852.3176,0.024727105,0.003767805
854.317,0.02477217,0.003763703
856.317,0.024822944,0.003765295
858.3148,0.024874356,0.003767579
860.3156,0.024923028,0.003767049
862.3155,0.024974853,0.003769695
864.3158,0.025024841,0.003770494
866.3157,0.025075868,0.003772341
868.3044,0.025123901,0.00377147
870.3052,0.02517836,0.003776728
872.3111,0.025235254,0.003784295
874.3137,0.025283606,0.003783401
876.3172,0.025330215,0.003780742
878.3207,0.025378301,0.00377956
880.3185,0.025428091,0.003780222
882.3177,0.025473342,0.003776311
884.3163,0.025518209,0.00377203
886.3143,0.025572255,0.003776944
888.3013,0.025623175,0.003779002
890.3002,0.025668574,0.003775245
892.2998,0.025718217,0.003775716
894.3027,0.02576613,0.003774376
896.3006,0.025815386,0.003774503
898.2994,0.025866879,0.003776842
900.2978,0.025919023,0.003779844
902.2956,0.025966297,0.003777991
904.2974,0.026011802,0.003774269
906.3015,0.026065982,0.003779166
908.3082,0.026118405,0.003782243
910.2971,0.026163844,0.003778773
912.2936,0.02621161,0.003777443
914.2891,0.026260362,0.003777123
916.2878,0.026309698,0.00377731
918.2849,0.026359793,0.003778295
920.2847,0.026412669,0.003781994
922.2896,0.026461394,0.003781416
924.2914,0.026506606,0.003777402
926.2929,0.026564924,0.003786501
928.295,0.026619304,0.003791647
930.2913,0.026670077,0.00379333
932.2907,0.026724789,0.003798875
934.2912,0.026773328,0.003798219
936.2758,0.026817635,0.003793723
938.2749,0.026867544,0.003794472
940.2736,0.026914898,0.003792676
942.2743,0.026956651,0.00378523
944.2728,0.027002807,0.003782242
946.2706,0.027054366,0.003784673
948.2721,0.02711158,0.003792667
950.2721,0.027156752,0.003788658
952.2721,0.027210958,0.003793682
954.2729,0.027263049,0.003796572
956.2765,0.027308448,0.003792699
958.2644,0.027354724,0.003790092
960.2629,0.027401706,0.003787928
962.2605,0.027446119,0.003783219
964.2593,0.02749056,0.003778507
966.2595,0.027542597,0.003781358
968.2612,0.027597389,0.003786926
970.2681,0.027648123,0.003788308
972.2594,0.027699749,0.003790966
974.2578,0.02775635,0.003798425
976.2564,0.027802547,0.003795474
978.254,0.027846947,0.003790751
980.2548,0.027898013,0.003792616
982.2562,0.027949386,0.003794772
984.2561,0.027998643,0.00379485
986.2595,0.028048884,0.003795826
988.2635,0.028105739,0.0038034
990.2613,0.028167516,0.003816049
992.2599,0.028234642,0.003834028
994.2549,0.028293519,0.003843846
996.2175,0.028338159,0.003840223
997.7698,0.028370371,0.003834263
1000.225,0.028344745,0.003748261